Image_ID,X_Global,Y_Global,Z_Tiefe_lokal
3485,53.50718893,9.73974441,1.72
3500,53.50718035,9.73979099,2.10
3500,53.50718243,9.73979101,1.88
3515,53.50718124,9.73978986,1.90
3515,53.50718484,9.73979156,1.51
3515,53.50717927,9.73979452,1.97
3530,53.50717819,9.73981393,1.74
3530,53.50717911,9.73981685,1.58
3530,53.50717760,9.73982013,1.65
